42945,1AWM,EAB!,"SR400     ","MPC POUCH TUBA                                     ",40,0,0,1,0,12
44796,1AWM,EAB!,"0BMP      ","MPC PULLER BOBCAT                                  ",35,0,0,2,0,5
53631,1AWM,"EAK ",CKTENORSAX,"CARE KIT SAX TEN SJM                               ",45,0,0,2,15,4
68261,1AWM,"EAL ","E1604     ","LIGATURE SAX ALTO                                  ",70,0,0,8,0,4
36430,1AWM,EAL2,"1614P     ","MPC CAP CLARINET ENC                               ",30,0,0,24,20,20
192498,1AWM,EAQ3,"SSB1      ","SWAB SAX BODY TIGER                                ",45,0,0,51,144,106
192498,1AWM,EAQ3,"SSB1      ","SWAB SAX BODY TIGER                                ",70,0,0,32,144,106
40268,1BAR,"EM2 ","ESW1      ","MPC CLARINET                                       ",40,2,2,7,160,40
40277,1BAR,EM2G,"ESW6KIT   ","MPC CLARINET BASS KI                               ",60,1,1,16,0,16
40271,1BAR,EM3J,"ESW2KIT   ","MPC SAX ALTO KIT                                   ",70,24,0,14,150,50
38290,1DEE,"EAF ","0734      ","FOLDER BAND GRE PENC                               ",40,12,0,12,0,22
44830,1DEE,"EAF ","0030      ","FOLDER CHORAL BLACK                                ",10,0,0,85,0,65
40031,1EME,ER4O,"E109MS    ","REED OBOE ENC MS                                   ",45,1,1,2,0,96
67093,1EME,ER4O,"E109S     ","REED OBOE ENC S                                    ",35,10,0,8,20,1
40024,1EME,ER4P,"E108MH    ","REED BASSOON ENC MH                                ",60,5,3,1,7,2
61285,1GRT,CIR1,"3566      ","BELL CLUSTER TROPHY                                ",40,23,3,20,15,31
67197,1GRT,CIR1,"3470      ","SPOONS METAL                                       ",60,0,0,1,0,8
176490,1GRT,CIR1,"TM18      ","STIR XYLOPHONE                                     ",40,3,0,3,10,3
69074,1GRT,EAMP,"CAN1885   ","STERISOL PUMP SPRAY                                ",20,22,22,18,60,42
189908,1INN,E0DM,"FPSJ      ","PERCUSSION PACK                                    ",40,25,0,23,25,4
103955,1MCM,EAC3,"01042     ","NECK CLEANER VENTURE                               ",20,5,0,7,0,288
103955,1MCM,EAC3,"01042     ","NECK CLEANER VENTURE                               ",60,0,0,15,0,288
103955,1MCM,EAC3,"01042     ","NECK CLEANER VENTURE                               ",70,0,0,1,0,288
82647,1MCM,EAK2,"1000      ","SWAB CLARINET 1000 *                               ",60,0,0,73,0,288
40158,1MCM,EAOX,"DT1       ","CORK GREASE SJM                                    ",70,0,0,32,10800,83
28226,1PRP,CPR1,"MRK716    ","RECORDER KARATE KIT1                               ",20,1,1,2,0,2
28226,1PRP,CPR1,"MRK716    ","RECORDER KARATE KIT1                               ",40,1,0,1,0,2
24956,1WEM,"E2S ","CL512P    ","CLARINET ACCENT STUD                               ",35,4,0,4,0,3
136624,1WEM,"E8S ","EU580L    ","EUPHONIUM ACCENT 3-V                               ",35,3,0,3,0,23
13660,"B&J ","DLS ","LP281     ","MARACAS LP YELLOW PL                               ",50,0,0,2,0,2
41870,"B&J ","EA  ","T2106     ","EGG SHAKES TOCA RAIN                               ",45,0,0,20,0,58
41870,"B&J ","EA  ","T2106     ","EGG SHAKES TOCA RAIN                               ",60,25,6,15,0,58
41870,"B&J ","EA  ","T2106     ","EGG SHAKES TOCA RAIN                               ",70,0,0,12,0,58
71041,COAS,CIB1,"GBKX100   ","XYLO BASS SONOR                                    ",10,0,0,2,0,1
71041,COAS,CIB1,"GBKX100   ","XYLO BASS SONOR                                    ",40,13,3,3,0,1
151236,COAS,CIB1,"GSME      ","GLOCKENSPEIL SONOR                                 ",40,3,0,3,0,9
152614,COAS,CIB2,"AGPINT    ","GLOKENSPIEL SONOR                                  ",40,4,0,4,0,6
144826,COAS,CIB3,"AXGBF     ","XYLOPHONE ALTO FIBER                               ",10,0,0,6,0,9
71079,COAS,CIBM,"SCH11     ","XYLO MALLETS SOP AL                                ",10,0,0,3,0,2
33391,COAS,CID1,"KD001001  ","TUBANO KIDS REMO                                   ",40,5,0,5,0,5
43446,COAS,CID1,"SS300005  ","SOUND SHAPES SHAPE                                 ",40,3,0,3,0,3
30067,COAS,CID3,"HD851600  ","HAND DRUM 16 IN REMO                               ",40,2,1,1,0,2
66922,COAS,CID3,"HD851200  ","HAND DRUM 12 IN REMO                               ",40,10,4,6,0,11
66922,COAS,CID3,"HD851200  ","HAND DRUM 12 IN REMO                               ",50,5,5,2,0,11
71054,COAS,CIR2,"LTR15     ","TRIANGLE 6 IN SONOR                                ",40,6,2,3,0,3
71059,COAS,CIR2,"LWB2      ","WOOD BLOCK LATINO LG                               ",40,6,2,4,0,2
117523,COAS,CIR2,"V2012     ","CYMBAL HANGING 12 IN                               ",40,5,2,3,0,8
71245,COAS,DLXB,"GBST      ","BONGO STAND SONOR                                  ",40,4,2,1,0,2
22092,DADD,"ER2 ","RCA1030   ","REED CLARINET RICO                                 ",30,0,0,1,0,7
42755,DADD,"ER2 ","RCA1025   ","REED CLARINET RICO                                 ",30,0,0,29,0,79
67614,DADD,"ER2 ","RCB1025   ","REED CLARINET RICO                                 ",20,1,0,15,0,254
67582,DADD,ER3J,"RJA2530   ","REED SAX ALTO RICO 3                               ",60,4,4,4,0,20
90283,HIGH,CPC2,MM1028SET9,"RHYTHMICALLY MOV 9CD                               ",40,2,1,1,0,1
90619,"KID ",CPO1,"MRJ128    ","3RD RHYMES THE CHAR                                ",60,0,0,2,0,2
97531,"KID ",CPO1,"MRJGP1C   ","GAMEPLAN GR1 TG                                    ",20,1,1,4,0,18
97531,"KID ",CPO1,"MRJGP1C   ","GAMEPLAN GR1 TG                                    ",40,8,4,6,0,18
97531,"KID ",CPO1,"MRJGP1C   ","GAMEPLAN GR1 TG                                    ",50,2,1,3,0,18
102853,"KID ",CPO1,"MRJGB     ","GAMEBOARD                                          ",40,3,2,1,0,5
103402,"KID ",CPO1,"MRJGP2C   ","GAMEPLAN GR2 TG                                    ",40,8,4,5,0,6
103402,"KID ",CPO1,"MRJGP2C   ","GAMEPLAN GR2 TG                                    ",50,1,0,2,0,6
115862,"KID ",CPO1,"MRJGP3V   ","GAMEPLAN GR3 VISUALS                               ",10,0,0,1,0,1
115863,"KID ",CPO1,"MRJGP3C   ","GAMEPLAN GR3 TG                                    ",40,9,4,5,0,6
115863,"KID ",CPO1,"MRJGP3C   ","GAMEPLAN GR3 TG                                    ",50,0,0,1,0,6
127700,"KID ",CPO1,"MRJGP4C   ","GAMEPLAN GR4 TG                                    ",20,2,2,4,0,13
127700,"KID ",CPO1,"MRJGP4C   ","GAMEPLAN GR4 TG                                    ",40,8,4,4,0,13
127700,"KID ",CPO1,"MRJGP4C   ","GAMEPLAN GR4 TG                                    ",50,2,0,3,0,13
127700,"KID ",CPO1,"MRJGP4C   ","GAMEPLAN GR4 TG                                    ",60,2,1,3,0,13
141181,"KID ",CPO1,"MRJGP5C   ","GAMEPLAN GR5 TG                                    ",20,3,0,4,0,10
141181,"KID ",CPO1,"MRJGP5C   ","GAMEPLAN GR5 TG                                    ",40,6,2,4,0,10
163722,"KID ",CPO1,"MRJGPKV   ","GAMEPLAN KIND VISUAL                               ",60,0,0,1,0,4
163724,"KID ",CPO1,"MRJGPKC   ","GAMEPLAN KIND TG                                   ",40,6,4,4,0,13
163724,"KID ",CPO1,"MRJGPKC   ","GAMEPLAN KIND TG                                   ",50,1,0,3,0,13
163724,"KID ",CPO1,"MRJGPKC   ","GAMEPLAN KIND TG                                   ",60,1,0,4,0,13
93465,KIND,CIBM,"G1        ","GLOCKENSPIEL MALLETS                               ",40,21,0,19,0,29
93471,KIND,CIBM,"M1        ","METALLOPHONE MALLETS                               ",40,5,1,4,0,13
93475,KIND,CIBM,"R2        ","METAL XYLO MALLETS                                 ",15,5,0,5,0,5
93477,KIND,CIBM,"T1        ","MALLETS TIMPANI SOFT                               ",40,10,8,2,0,8
93484,KIND,CIBM,"X1        ","XYLO MALLETS ORFF                                  ",40,1,0,1,0,13
93485,KIND,CIBM,"X2        ","XYLO MALLETS ORFF                                  ",40,15,2,13,0,20
134235,KIND,CIBM,"F1        ","MALLET XYLO FELT                                   ",40,8,0,8,0,18
155509,KIND,CIR2,"2088      ","LUMMI STICKS                                       ",40,4,2,2,0,51
155509,KIND,CIR2,"2088      ","LUMMI STICKS                                       ",60,5,3,2,0,51
36185,MINU,"EAF ","F109      ","FOLDER ST.JOHN'S MUS                               ",35,0,0,50,0,13000
38338,PERR,EAN3,"7941      ","STRAP SAX ENCORE                                   ",30,0,0,6,0,200
38607,"PTI ","EA5 ","A203      ","MPC POUCH TRUMPET PR                               ",20,0,0,1,0,3
75552,"RBI ",CIR1,"RB997     ","SLIDE WHISTLE RB997                                ",45,0,0,12,24,19
75568,"RBI ",CIR1,"RB1206    ","MARACAS SMALL PLASTI                               ",10,0,0,23,0,27
91222,"RBI ",CIR1,"RB2320    ","MALLETS HARD PLASTIC                               ",60,10,0,10,0,10
91298,"RBI ",CIR1,"RB71      ","TRIANGLE STRIKER RB7                               ",20,0,0,6,0,50
130391,"RBI ",CIR1,"RB888     ","WASHBOARD RBI                                      ",70,1,0,1,0,2
32998,"RBI ",CIW1,"OC8G      ","BOOMWHACKER OCTAVATO                               ",20,4,3,5,0,9
39786,"RBI ",CIW1,"BWJG      ","BOOMWHACKERS B-DIA                                 ",20,3,2,4,0,22
162816,"RBI ",CIW1,"BWH13     ","BOOMWHACKER STAND                                  ",10,0,0,3,0,1
208662,"RBI ",CIW1,"BWDG      ","BOOMWHACKERS DIA 8NO                               ",60,6,6,10,0,38
132040,SMPP,CPC2,"MSMP01    ","MUSIC AND LANGUAGE                                 ",60,0,0,2,0,1
90720,"SP  ",CPR3,"MSP2334   ","BAROQUE TIME 2PT REC                               ",60,0,0,1,0,3
93337,ST49,CIB1,"SM2000    ","METALLO SOP DIA                                    ",40,6,2,2,9,4
33231,ST49,CIBM,"S40       ","MALLETS RES BAR ALTO                               ",60,3,2,1,0,24
93247,ST49,CIBM,"S3        ","MALLETS BASS XYLO ME                               ",60,2,1,1,0,10
93250,ST49,CIBM,"S5        ","MALLETS XYLO SOP                                   ",20,10,8,9,0,25
93250,ST49,CIBM,"S5        ","MALLETS XYLO SOP                                   ",60,6,5,1,0,25
93253,ST49,CIBM,"S7        ","MALLETS METALLO ALTO                               ",20,3,3,3,0,15
93253,ST49,CIBM,"S7        ","MALLETS METALLO ALTO                               ",60,6,5,1,0,15
122848,ST49,CIBM,"S55       ","MALLET SOPRANO 1600                                ",20,5,0,5,0,16
93105,ST49,CIR2,"MA21      ","MARACAS MEXICAN 8 IN                               ",20,3,0,3,0,2
93350,ST49,CIR2,"T10       ","TRIANGLE 10CM W STRI                               ",40,12,7,97,100,24
124506,ST49,CIR2,"DCL       ","CLAVES DOUBLE NOTE                                 ",20,2,0,2,0,1
164910,THEM,CPC1,"MTVAL10   ","KNOW YOUR TERMS SYMB                               ",40,1,0,1,0,1
12550,THEM,CPV3,"MTV715    ","MUSICPLAY GR4 TG&CDS                               ",10,0,0,3,0,1
12551,THEM,CPV3,"MTV720    ","MUSICPLAY GR5 TG&CDS                               ",20,1,0,1,0,7
12777,THEM,CPV3,"MTV710    ","MUSICPLAY GR3 TG&CDS                               ",10,0,0,3,0,1
